{
	"IcoMoonType": "selection",
	"icons": [
		{
			"icon": {
				"paths": [
					"M576 256l-128-128h-448v832h1024v-704h-448zM512 480l224 224h-160v256h-128v-256h-160l224-224z"
				],
				"attrs": [],
				"tags": [
					"folder-upload",
					"directory",
					"folder-load"
				],
				"grid": 16
			},
			"attrs": [],
			"properties": {
				"id": 235,
				"order": 4,
				"prevSize": 32,
				"ligatures": "folder-upload, directory6",
				"name": "folder-upload"
			},
			"setIdx": 0,
			"setId": 0,
			"iconIdx": 52
		},
		{
			"icon": {
				"paths": [
					"M0 128h128v640h-128zM192 128h64v640h-64zM320 128h64v640h-64zM512 128h64v640h-64zM768 128h64v640h-64zM960 128h64v640h-64zM640 128h32v640h-32zM448 128h32v640h-32zM864 128h32v640h-32zM0 832h64v64h-64zM192 832h64v64h-64zM320 832h64v64h-64zM640 832h64v64h-64zM960 832h64v64h-64zM768 832h128v64h-128zM448 832h128v64h-128z"
				],
				"attrs": [],
				"tags": [
					"barcode"
				],
				"grid": 16
			},
			"attrs": [],
			"properties": {
				"id": 255,
				"order": 2,
				"prevSize": 32,
				"ligatures": "barcode",
				"name": "barcode"
			},
			"setIdx": 0,
			"setId": 0,
			"iconIdx": 55
		},
		{
			"icon": {
				"paths": [
					"M256 64h512v128h-512v-128z",
					"M960 256h-896c-35.2 0-64 28.8-64 64v320c0 35.2 28.794 64 64 64h192v256h512v-256h192c35.2 0 64-28.8 64-64v-320c0-35.2-28.8-64-64-64zM128 448c-35.346 0-64-28.654-64-64s28.654-64 64-64 64 28.654 64 64-28.652 64-64 64zM704 896h-384v-320h384v320z"
				],
				"attrs": [],
				"tags": [
					"printer",
					"print"
				],
				"grid": 16
			},
			"attrs": [],
			"properties": {
				"id": 345,
				"order": 1,
				"prevSize": 32,
				"ligatures": "printer, print",
				"name": "printer",
				"code": 59392
			},
			"setIdx": 0,
			"setId": 0,
			"iconIdx": 84
		},
		{
			"icon": {
				"paths": [
					"M992.262 871.396l-242.552-206.294c-25.074-22.566-51.89-32.926-73.552-31.926 57.256-67.068 91.842-154.078 91.842-249.176 0-212.078-171.922-384-384-384-212.076 0-384 171.922-384 384s171.922 384 384 384c95.098 0 182.108-34.586 249.176-91.844-1 21.662 9.36 48.478 31.926 73.552l206.294 242.552c35.322 39.246 93.022 42.554 128.22 7.356s31.892-92.898-7.354-128.22zM384 640c-141.384 0-256-114.616-256-256s114.616-256 256-256 256 114.616 256 256-114.614 256-256 256z"
				],
				"attrs": [],
				"tags": [
					"search",
					"magnifier",
					"magnifying-glass",
					"inspect",
					"find"
				],
				"grid": 16
			},
			"attrs": [],
			"properties": {
				"id": 532,
				"order": 3,
				"prevSize": 32,
				"ligatures": "search, magnifier",
				"name": "search"
			},
			"setIdx": 0,
			"setId": 0,
			"iconIdx": 134
		},
		{
			"icon": {
				"paths": [
					"M896 448h16c26.4 0 48-21.6 48-48v-160c0-26.4-21.6-48-48-48h-16v-192h-128v192h-16c-26.4 0-48 21.6-48 48v160c0 26.4 21.6 48 48 48h16v576h128v-576zM768 256h128v128h-128v-128zM592 832c26.4 0 48-21.6 48-48v-160c0-26.4-21.6-48-48-48h-16v-576h-128v576h-16c-26.4 0-48 21.6-48 48v160c0 26.4 21.6 48 48 48h16v192h128v-192h16zM448 640h128v128h-128v-128zM272 448c26.4 0 48-21.6 48-48v-160c0-26.4-21.6-48-48-48h-16v-192h-128v192h-16c-26.4 0-48 21.6-48 48v160c0 26.4 21.6 48 48 48h16v576h128v-576h16zM128 256h128v128h-128v-128z"
				],
				"attrs": [],
				"tags": [
					"equalizer",
					"sliders",
					"settings",
					"preferences",
					"dashboard",
					"control"
				],
				"grid": 16
			},
			"attrs": [],
			"properties": {
				"id": 566,
				"order": 5,
				"prevSize": 32,
				"ligatures": "equalizer2, sliders2",
				"name": "equalizer2"
			},
			"setIdx": 0,
			"setId": 0,
			"iconIdx": 147
		},
		{
			"icon": {
				"paths": [
					"M1014.662 822.66c-0.004-0.004-0.008-0.008-0.012-0.010l-310.644-310.65 310.644-310.65c0.004-0.004 0.008-0.006 0.012-0.010 3.344-3.346 5.762-7.254 7.312-11.416 4.246-11.376 1.824-24.682-7.324-33.83l-146.746-146.746c-9.148-9.146-22.45-11.566-33.828-7.32-4.16 1.55-8.070 3.968-11.418 7.31 0 0.004-0.004 0.006-0.008 0.010l-310.648 310.652-310.648-310.65c-0.004-0.004-0.006-0.006-0.010-0.010-3.346-3.342-7.254-5.76-11.414-7.31-11.38-4.248-24.682-1.826-33.83 7.32l-146.748 146.748c-9.148 9.148-11.568 22.452-7.322 33.828 1.552 4.16 3.97 8.072 7.312 11.416 0.004 0.002 0.006 0.006 0.010 0.010l310.65 310.648-310.65 310.652c-0.002 0.004-0.006 0.006-0.008 0.010-3.342 3.346-5.76 7.254-7.314 11.414-4.248 11.376-1.826 24.682 7.322 33.83l146.748 146.746c9.15 9.148 22.452 11.568 33.83 7.322 4.16-1.552 8.070-3.97 11.416-7.312 0.002-0.004 0.006-0.006 0.010-0.010l310.648-310.65 310.648 310.65c0.004 0.002 0.008 0.006 0.012 0.008 3.348 3.344 7.254 5.762 11.414 7.314 11.378 4.246 24.684 1.826 33.828-7.322l146.746-146.748c9.148-9.148 11.57-22.454 7.324-33.83-1.552-4.16-3.97-8.068-7.314-11.414z"
				],
				"attrs": [],
				"tags": [
					"cross",
					"cancel",
					"close",
					"quit",
					"remove"
				],
				"grid": 16
			},
			"attrs": [],
			"properties": {
				"id": 975,
				"order": 7,
				"prevSize": 32,
				"ligatures": "cross, cancel",
				"name": "cross"
			},
			"setIdx": 0,
			"setId": 0,
			"iconIdx": 271
		},
		{
			"icon": {
				"paths": [
					"M864 128l-480 480-224-224-160 160 384 384 640-640z"
				],
				"attrs": [],
				"tags": [
					"checkmark",
					"tick",
					"correct",
					"accept",
					"ok"
				],
				"grid": 16
			},
			"attrs": [],
			"properties": {
				"id": 980,
				"order": 6,
				"prevSize": 32,
				"ligatures": "checkmark, tick",
				"name": "checkmark"
			},
			"setIdx": 0,
			"setId": 0,
			"iconIdx": 272
		}
	],
	"height": 1024,
	"preferences": {
		"showGlyphs": true,
		"showQuickUse": true,
		"showQuickUse2": true,
		"showSVGs": true,
		"fontPref": {
			"prefix": "icon-",
			"metadata": {
				"fontFamily": "icomoon"
			},
			"metrics": {
				"emSize": 1024,
				"baseline": 6.25,
				"whitespace": 50
			},
			"embed": false,
			"autoHost": true
		},
		"imagePref": {
			"prefix": "icon-",
			"png": true,
			"useClassSelector": true,
			"color": 4473924,
			"bgColor": 16777215,
			"classSelector": ".icon",
			"columns": 16,
			"margin": 16,
			"height": 32,
			"minifyJs": false,
			"sprite": true
		},
		"historySize": 100,
		"showCodes": false,
		"quickUsageToken": {
			"UntitledProject": "NjkyNjkwMDAzMjM1OGY4MzhiMjllYmYzMWFkNjBlMTgjMSMxNDQ0ODUyMTYyIyMj"
		},
		"fontHostingName": false,
		"gridSize": 16
	}
}